[
	{
		"title": "grandpa-1",
		"tags": "",
		"body": "Hello young man.\nI rarely get any visitors here.\nwhat are you doing here?\noh you don't know how you got here?\nThis room no i mean this entire place is known as-\nTLS\nThe last School\nyou can even say the last remaining place in this world\nI used to teach students here\nyou can call me Cayo\nhow did you get here isn't the hallways filled with the infected being or Inbe?\nyou have no idea what i am talking about do you?\ndon't mind what i said think this as a haunted school \nbut instead of ghosts there are infected people or Inbe\nI wonder if anyone is still alive\nyou mean Mebo is alive??\nthank god i was scared that Mebo might never know if the infection even happened because he is always sleeping.\nAnyway,You are going back to explore right?\njust i expected You are going.\nI cant stop you so i pray you don't die ghost\nBy the way ...\ni will call u ghost because u seem like a mysterious guy\nanyway you can rest here as much as you want",
		"position": {
			"x": 345,
			"y": 220
		},
		"colorID": 0
	},
	{
		"title": "grandpa-3",
		"tags": "",
		"body": "Hi...\nyoung ghost can you hep me during your journey\nthe fact is that i was here waiting to die\nbut it looks like my time hasn't come yet\nwould you please check out if there are any student in any room\neven though i am old \nI want to at least try to be better\nnormally i would not ask\nbut you... you seem like a good man\nso i beg you please bring any students you find alone\nI hope you survive young ghost.\nbye.",
		"position": {
			"x": 558,
			"y": 218
		},
		"colorID": 0
	},
	{
		"title": "grandpa-2",
		"tags": "",
		"body": "Hi!\nis everything okay in here\ni am glad to hear that\nfeel free to stay here as long as you need.",
		"position": {
			"x": 346,
			"y": 423
		},
		"colorID": 0
	},
	{
		"title": "sleeper-start",
		"tags": "",
		"body": "Zzz......\nHuh\nuhh who were you again?\nahhh-i will call you Ghost\nI found you outside my room this morn- wait i don't remember when\nanyway you can go and roam around i think kids your age will be here somewhere\nanyway now go\ndon't disturb me\nlet me sleep peacefully\nyou can sleep in the spare bed if you like\nnow don't wake me up",
		"position": {
			"x": 345,
			"y": 632
		},
		"colorID": 0
	},
	{
		"title": "sleeper-2",
		"tags": "",
		"body": "Zzzz.......\nHuh..\nwhy\nwhy\nWHY did you wake me up\ni was in the middle of going to hibernation\nhibernation means sleep isn't it?\nnow don't wake me up\ngo away and sleep",
		"position": {
			"x": 346,
			"y": 841
		},
		"colorID": 0
	},
	{
		"title": "librarian-1",
		"tags": "",
		"body": "Oh hi its quite unusual Mr hmmm-\nGhost\nyou don't remember this whole place?\ni suppose it can be magic or else u may have been here for....\nI don't know\nso its best to sit here and soak up knowledge\nhmmm\nlike u can know ancient fun things\nhm hm\nif i remember vaguely i have once read in a book that-\nhmm hmm\nThe forgotten room is hidden in a place where no man cares to visit\nhm hm hmmm\nSitting alone with in secret\nhm hmm hmm\nwho is empty with no use whatever But\nhmm hmmm hm hm\nHe is the final piece He is the final peace\nhmm hm hm hm hmm\nHE IS THE FINAL PIECE\nhmm hm hm hm hmm hmm hmm hmmm\n...\nwhere am i.\nghost did i lose my mind while talking\nseems like i have to learn more anyway see you around",
		"position": {
			"x": 561,
			"y": 635
		},
		"colorID": 0
	},
	{
		"title": "librarian-2",
		"tags": "",
		"body": "Hi again Ghost\ngood to see you here again\nsorry for earlier\nanyway enjoy the stories in these books\nsee you soon.",
		"position": {
			"x": 557,
			"y": 842
		},
		"colorID": 0
	},
	{
		"title": "computer-bot",
		"tags": "",
		"body": "hssss\nDon't disturb me\nI am in the middle of winning this game\nand find its ending.\ngo away",
		"position": {
			"x": 132,
			"y": 632
		},
		"colorID": 0
	},
	{
		"title": "computer-guy-1",
		"tags": "",
		"body": "...\nhi\ni am toqo\nthis is my place\nuhmm\nif you like after one of them loose you can play that game\ni made that game\nuhmmm\nbye bye",
		"position": {
			"x": 133,
			"y": 842
		},
		"colorID": 0
	},
	{
		"title": "computer-guy-2",
		"tags": "",
		"body": "uhmm\nhi\nhow are you ghost\nsorry they have  never died i am sorry\nso sorry\nuhmm \nbye bye",
		"position": {
			"x": 130,
			"y": 1048
		},
		"colorID": 0
	},
	{
		"title": "trainer-1",
		"tags": "",
		"body": "HEYY MAN\nyou look thin\nthin as a french fries\nthose look like its on life support\nrun them legs here on this thing\nI don't know how it works but \nwhen I run in this my muscle become a big boy\nso in short if i use this i be big\nSo run there are some weight here and there use it i don't know where to use\nbecause i can't see my arms anywhere\nanyway i better see you here Son Ghost\nUnderstood?\nUNDERSTOOD?",
		"position": {
			"x": 347,
			"y": 1054
		},
		"colorID": 0
	},
	{
		"title": "trainer-2",
		"tags": "",
		"body": "Here for leg day?\nRun Son ghost\nyou can do it \ni believe in you\nno matter what stands in your way you can beat it Son ghost\nLet me see your determination SON GHOST\ngo RAHHHHHHHHHHHH",
		"position": {
			"x": 348,
			"y": 1266
		},
		"colorID": 0
	},
	{
		"title": "scrap_collector-1",
		"tags": "",
		"body": "Wuh\nOh hello hehe\nhow are you ghost\nhehe\ni have been watching you since you woke hehe\nI am wuhe, The scrap-collector\nhehe\nI was here alone when IT happened but after a few days\nI began slowly going out fast hehe and coming back with items i found on the hallways\nso i have set up a base here with the items i found\nhehe\nDo you need anything from here? hehe\nNo? oh thats a shame\nwell see you very soon\nhehe",
		"position": {
			"x": 558,
			"y": 1055
		},
		"colorID": 0
	},
	{
		"title": "scrap_collector-2",
		"tags": "",
		"body": "wuh\noh your back\nhehe so what do you need?\nnothing? then why are you here\ngo away",
		"position": {
			"x": 563,
			"y": 1267
		},
		"colorID": 0
	},
	{
		"title": "scientist-1",
		"tags": "",
		"body": "Hello\nI suppose you are Ghost\nI have heard a lot about you from the others\nNo no I never went outside\nI just made a device to understand what others were talking to you\nforgive me for not introducing myself\nI am Lito.\ni am a scientist,\nThese tubes contains the virus which was kept there by my friends\nbut in the process the- never mind\nso you want to kill the virus correct?\nThen i can sense we can do it together\nLately while observing i found one thing about this virus\nIt is acting weird when its near melted Yobe\nyou don't know yobe? it ONE of the most radioactive element you are saying you never heard about it?\nare you living under a rock?\nwell anyway i can't explain what its is in its core its a complex topic\nSo if we can get enough yobe to compress them thightly we can perhaps create a cure or a anti virus \nbut when ever i tried it with a little amounts of Yobe\nThe virus evapurated,the problem is yobe is strong you can't controll its powers\nI cant say what will happen if we use a powerfull amounts of yobe\nBut i can say one thing that is Yobe can kill the virus\nBut- forget the downside\nRight now we have little to no Yobe but we can create it if we have even a little amount of Yobe which i have so \nwe can mix some different elements to create it.\nI want little help from you\nI want you to bring those elements to me\nalso if u can find the password of this safe it was locked by my friends\nwe were preserving to for the future and only he knows it\nbut he- he-\nuh yea i think the code is wrote in a book he was friends with the librarian what was her name again?\nAnyway first you find some way to open this safe.\nand then get  me some yeast,CPU(broken),match stick and last but no least i want a broken sign from wuhe,the scrap collector\nGood luck",
		"position": {
			"x": -82,
			"y": 1260
		},
		"colorID": 0
	},
	{
		"title": "scientist-2",
		"tags": "",
		"body": "Helooo\ntalk to me after you get me some yeast,CPU(broken),match stick and last but no least i want a broken sign from wuhe,the scrap collector\n also the code is in the library\nthat guy was thinking too much he said that it was dangerous to keep that with me\nbecause i will use the remaining yobe element and the will be no yobe left But\nWhat good is in a metal if there are no one to use it\nAnyway Good luck",
		"position": {
			"x": -84,
			"y": 1475
		},
		"colorID": 0
	},
	{
		"title": "cooker-1",
		"tags": "",
		"body": "Oh hello\nWelcome to Kasi's Kitchen\nI am Kasi it sure has been a lot since i saw anyone\nI wonder if anyone who remembers IT is still alive\nanyway what are you here for?\noh you are exploring?\nYou don't feel the -\nnothing anyway you seem like you have a great destiny ahead of you\nhmm if you want anything from me i will be more than happy to help",
		"position": {
			"x": 346,
			"y": 1472
		},
		"colorID": 0
	},
	{
		"title": "cooker-2",
		"tags": "",
		"body": "Hi\nhow is it ghost\nyou want anything from me?\nNo?\nthen okay Good luck",
		"position": {
			"x": 348,
			"y": 1687
		},
		"colorID": 0
	},
	{
		"title": "drunked-1",
		"tags": "",
		"body": "wah uh ah wha\nzzzz...\nwhad uo vant/?\nwo awa\ni an bucy\nthic drin- ic vood\nzzzzz...",
		"position": {
			"x": 561,
			"y": 1475
		},
		"colorID": 0
	},
	{
		"title": "drunked-2",
		"tags": "",
		"body": "whad du u wand?\nheve dake dhis trink and vo away\nzzz...",
		"position": {
			"x": 561,
			"y": 1684
		},
		"colorID": 0
	},
	{
		"title": "refugee-1",
		"tags": "",
		"body": "waah waaaah waaaah\nare you the monter?*sniff*\nno?*sniff*\nwe are trapped here the teachers and others died *sniff*\nwe are all that remains *sniff*\nthe others left for checking and- and-*sniff*\nnever came back*sniff*\nSir can you pwease check if *sniff* anyone is alive*sniff*",
		"position": {
			"x": 126,
			"y": 1688
		},
		"colorID": 0
	},
	{
		"title": "refugee-2",
		"tags": "",
		"body": "*sniff* sir don't abandon us*sniff* we are scared\ni wish if someone alive *sniff*mother*sniff*father*sniff*\nit is scary here*sniff*\n*sniff*sir *sniff*please come back if you found someone*sniff*",
		"position": {
			"x": 126,
			"y": 1896
		},
		"colorID": 0
	},
	{
		"title": "scrap_collector-3",
		"tags": "",
		"body": "wuh\nohh you are here hehe\ndo you want anything\nthats all just a broken sign?\nhehe but before that you must help me find these things\ni will show you some things you have to find them in the pile and click it\nhehe\nnow begin",
		"position": {
			"x": 774,
			"y": 1048
		},
		"colorID": 0
	},
	{
		"title": "scrap_collector-4",
		"tags": "",
		"body": "Wuh\nhehe you failed to get them within the time limit\nhehe",
		"position": {
			"x": 779,
			"y": 1268
		},
		"colorID": 0
	},
	{
		"title": "scrap_collector-5",
		"tags": "",
		"body": "wuh\nwuh wuh\nnice you got my items hehe\nhere is the broken sign",
		"position": {
			"x": 993,
			"y": 1048
		},
		"colorID": 0
	},
	{
		"title": "librarian-3",
		"tags": "",
		"body": "oh hi ghost\nohh i see\nso you want the password to the safe\nIndeed he had came here and left the codes.\nbut a problem was there he never trusted fully\nso he just told me how to get the code.\nhe told me that the book colors on the middle top bookshelf\nare the code and each color represent a number\nI know for a fact that he had a diary somewhere so the numbers will be probably there\nso its best if you find its\nGood luck on your journey.",
		"position": {
			"x": 768,
			"y": 637
		},
		"colorID": 0
	},
	{
		"title": "librarian-4",
		"tags": "",
		"body": "Hiiii\ndid you get the numbers representing the colors in the middle shelf?\nno\noh but don't lose hope its there somewhere\nThe book or the content of the book is still out there somewhere\nGood luck.",
		"position": {
			"x": 772,
			"y": 848
		},
		"colorID": 0
	},
	{
		"title": "librarian-5",
		"tags": "",
		"body": "Hi ghost\nso you did get the code\nthose notes must be the last notes \nthe notes which has the \"THAT\" incident recorded in it\ni suppose it will be wise to read them they will make you understand your position right now\nanyway see you around",
		"position": {
			"x": 985,
			"y": 637
		},
		"colorID": 0
	},
	{
		"title": "grandpa-4",
		"tags": "",
		"body": "helo young ghost\ndid you have any luck finding students\nNo?,thats sad \nMaybe they all died all because of our stupid idea\nyoung ghost i will keep hoping that they are still alive\nwhile you find out weather they are alive or not\ngood luck\nhope you return safely",
		"position": {
			"x": 556,
			"y": 429
		},
		"colorID": 0
	},
	{
		"title": "grandpa-5",
		"tags": "",
		"body": "Oh my!\nthey are soo young and energetic\nlook at them\nthank you young ghost\nthank you for saving these kids\nif your free why don't you com here and rest\nbut you seem like a busy man with a burden too high to see the top\nso if you want to rest come here\nAnyway the students were asking me to give this to you as a thank you gift\nit is a match stick i don't know what you need it for but i think\nthis is the last match stick in this world i suppose\nanyway good luck on your journey",
		"position": {
			"x": 771,
			"y": 218
		},
		"colorID": 0
	},
	{
		"title": "refugee-3",
		"tags": "",
		"body": "Hi sir*sniff*\nwhat! you found old man!\nhe used to teach all of us back in the day\nwill you pwease take us to the old man sir",
		"position": {
			"x": -88,
			"y": 1689
		},
		"colorID": 0
	},
	{
		"title": "computer-guy-3",
		"tags": "",
		"body": "uhmmm\nhi ghost\nsorry i think they have no-\nuhmm so you want a CPU?\nnot possible\nuhh will it be okay if its a broken one?\nyes?then uhmm okay\nbut before you should\nuhmm do me a favor\nuhmm you see our game isnot running smoothly because uhmmm\nelectricity power problems\nso uhmm i want you to upload this data from the USB to the generator\nthis will cut the power to the infected rooms\nuhmmm also i want you to increase our rooms voltage use to max\nuhhmm here\nand uhh bye bye",
		"position": {
			"x": -87,
			"y": 839
		},
		"colorID": 0
	},
	{
		"title": "computer-guy-4",
		"tags": "",
		"body": "uhmm\nhi ghost\ni told you to upload it its in your hands\nuhmm go \nbye bye",
		"position": {
			"x": -86,
			"y": 1047
		},
		"colorID": 0
	},
	{
		"title": "computer-guy-5",
		"tags": "",
		"body": "uhmm \nhi ghost\nso you have uploaded \nuhmm thank you\nand here the CPU\nuhmm\nbye bye",
		"position": {
			"x": -298,
			"y": 841
		},
		"colorID": 0
	},
	{
		"title": "cooker-3",
		"tags": "",
		"body": "Hi ghost\noh so you want yeast?\nwhy- never mind i will give that only if you help me\ni want you to bring yami here\nor convince yami to come here\nhe has a strong body so it will be good to have him cut things\ngood luck",
		"position": {
			"x": 345,
			"y": 1898
		},
		"colorID": 0
	},
	{
		"title": "cooker-4",
		"tags": "",
		"body": "Hi ghost\nGO and bring yami here\nthats all you have to do in order to get the yeast\ngood luck",
		"position": {
			"x": 349,
			"y": 2111
		},
		"colorID": 0
	},
	{
		"title": "cooker-5",
		"tags": "",
		"body": "Hi ghost\nso what did Yami said\nhmmm\nok his will is still strong as ever\nhere is the yeast\ni asked you to do it was because to see if he ever changed since he was alone since the rise of inbe\nand good luck on your mission",
		"position": {
			"x": 350,
			"y": 2315
		},
		"colorID": 0
	},
	{
		"title": "trainer-3",
		"tags": "",
		"body": "HEYY ghost\nyou here again for leg day\nwhat you want me to go to kasi \nno,why should i go to kasi's kitchen \nTo become strong? i am strong\nno no no\nYou must be jealous of big man yami \nby no means i will be setting my foot outside the room\ntalk more about making me go to kasi's kitchen \nI will beat you till you can see that i will not go\ntell that to kasi",
		"position": {
			"x": 135,
			"y": 1261
		},
		"colorID": 0
	},
	{
		"title": "scientist-3",
		"tags": "",
		"body": "Heloo\nWow you got all the items i asked you to get\nhere give me a quick second\n*clank*\n*clonk*\n*Tada*\nHere this is the machine\nNOW here this part CAREFULLY\nI want you to take this and go to the first floor near the room at the end on the right side\nyes the generator room go there and use this machine this will create like a bell sound which will be a proof that it is on\nThis will eliminates every virus weather it is small or big it will clear everything\nAnyway good luck and\nBye",
		"position": {
			"x": -301,
			"y": 1258
		},
		"colorID": 0
	}
]