[
	{
		"title": "End",
		"tags": "",
		"body": "That was the end of our story\nI wish i can meet them again\nexcept now i can meet them but how can i face them?\nI came helping to save my granddaughter but left with the blood of the whole world,Hima,My best friend Mebo and lastly My grandDaughter.\nI cant save anyone but thanks ghost for making me face them and sorry for using you for our selfish reason\nYes,Everyone in that school is dead now\nThat bell killed every virus even we had virus but ours were not powerful or in simple terms it killed every cell\nBut you are alive looks like you are not a Roban\nStill tell me why did you save just this world in this entire universe\nWhats the specialty in this world\n...\nYou saved the entire world for that reason?\n*Smiles*\nEven though you are not a Roban\nI will always consider you as my Grandson\nis that alright Ghost?\nOkay i will watch over you in the Future",
		"position": {
			"x": 437,
			"y": 273
		},
		"colorID": 0
	},
	{
		"title": "Secret",
		"tags": "",
		"body": "I wonder if he is listening to me from out there\ni wonder if he is alive\nMy memory was a fuss but when i woke up i saw Mebo standing infront of Me\nI was thinking maybe i died but it was all real\nMebo told Me what had happened\nWhile talking i saw a familiar figure walking towards me it was it was-\nLaya\nHer Cancer was killed every \"Bad\" cell was killed which made the inbe's human\nI am sorry for ussing you ghost\nSo sorry\nI hope you are safe now\nMy Grandson ghost i hope you are safe\n...\nI also wish to see the guy who helped to save this world\nMebo told me about a guy from another universe who was Transported here because of something happening in his universe\nThank you\n@ShootingStarDraws\nGhost4712",
		"position": {
			"x": 695,
			"y": 259
		},
		"colorID": 0
	}
]