[
	{
		"title": "Start",
		"tags": "",
		"body": "Hello young man.\nI rarely get any visitors here.\nwhat are you doing here?\noh you don't know how you got here?\nThis room no i mean this entire place is known as-\nTLS\nThe last School\nyou can even say the last remaining place in this world\nI used to teach students here\nyou can call me Cayo\nhow did you get here isn't the hallways filled with the infected being or Inbe?\nyou have no idea what i am talking about do you?\ndon't mind what i said think this as a haunted school \nbut instead of ghosts there are infected people or Inbe\nI wonder if anyone is still alive\nyou mean Mebo is alive??\nthank god i was scared that Mebo might never know if the infection even happened because he is always sleeping But he is a good guy.\nAre you going to back to explore?\n[[ Yes |yes]]\n[[ No |no]]",
		"position": {
			"x": 345,
			"y": 222
		},
		"colorID": 0
	},
	{
		"title": "yes",
		"tags": "",
		"body": "You are going.\nI cant stop you so i pray you don't die ghost\nBy the way ...\ni will call u ghost because u seem like a mysterious guy\nyoung ghost can you hep me in your way\nthe fact is that i was here waiting to die\nbut it looks like my time hasn't come yet\nwould you please check out if there are any student in any room\neven though what i had done\nI want to at least try to be better\nnormally i would not ask\nbut you... you seem like a good man\nso i beg you please notify me if you found any students alone\nI hope you survive young ghost.\nbye.",
		"position": {
			"x": 130,
			"y": 420
		},
		"colorID": 0
	},
	{
		"title": "no",
		"tags": "",
		"body": "oh You are not\nThank god i was lonely in here sitting alone you.\nI was afraid you may die like the others.\nFeel free to take your time here and rest\nif you are ever going\nyoung ghost can you hep me in your way\nthe fact is that i was here waiting to die\nbut it looks like my time hasn't come yet\nwould you please check out if there are any student in any room\neven though what i had done\nI want to at least try to be a better person\nnormally i would not ask\nbut you... you seem like a good man\nso i beg you please notify me if you found any students alone\nyou can rest as much as you want\nBye",
		"position": {
			"x": 570,
			"y": 422
		},
		"colorID": 0
	},
	{
		"title": "nothing",
		"tags": "",
		"body": "Hi!\ndid you find any student?\noh! i see you haven't\nfeel free to stay here as long as you need.",
		"position": {
			"x": 353,
			"y": 439
		},
		"colorID": 0
	}
]