[
	{
		"title": "Note-1",
		"tags": "",
		"body": "Diary Entry #4702\nToday was a fine day for all of us today sir cayo had a wonderful class.\nIt was still sad to see him after what happened to his granddaughter.\nI have seen Lito who was in the middle of doing some crazy experiments.\nThe second he saw someone he will take them into his experiments\ntelling them everything and thats exactly what happened today\nall the experiments will be failed and end in with everyone covered in dust.\nmis Hima will hide the dangerous metals from sir Lito But after a day or two he will find them back.\nAfter that happened i went to see this new janiter wuhe because i heard he had lot of cool collection items.\nBut sadly he was not in school today.\nAnyway \nThats all",
		"position": {
			"x": 302,
			"y": 105
		},
		"colorID": 0
	},
	{
		"title": "Note-2",
		"tags": "",
		"body": "Diary Entry #4703\nToday was a little dim weather was wet and it felt sad for some reason.\ntoday we had library so i chatted with mis Meha although she is obsessed with books she still knows a lot of crazy stories which she says are real.\nbut come on who is gonna believe that stars 4713 is a code to open crack in the universe.she once told me a crazy story of something called roman?I dont know may be roman ohh it was roban.That was a crazy story.\nanyway then nothing too special happened.\nThats all",
		"position": {
			"x": 308,
			"y": 312
		},
		"colorID": 0
	},
	{
		"title": "Note-3",
		"tags": "",
		"body": "Diary Entry #4704\nToday was a normal day\nI saw Mebo sir today \nhe is one of the most friendly and good teacher\nhe is always telling us about interesting stars story\nsome are insane he has by hearted everything related to space\nHe is considered The \"Star\" in the school.\nHe once told me about black holes and how we can achieve faster travels\nThat was one of the best Thing i learned it was fun to hear.\nThats all",
		"position": {
			"x": 521,
			"y": 102
		},
		"colorID": 0
	},
	{
		"title": "Note-4",
		"tags": "",
		"body": "Diary Entry #4705\nToday Cayo sir showed us his granddaughter\nHer name was Laya\nShe had cancer\nCayo sirs entire room is filled with her pictures\nCayo tried everything he could to save her but he didn't get any luck\nShe was said to die by a year at max\nSo Cayo sir came to this school to make some money to cure her\nbut no matter what he did he couldn't cure her.\nHe has sad speech Today\nThats all",
		"position": {
			"x": 526,
			"y": 314
		},
		"colorID": 0
	},
	{
		"title": "Note-5",
		"tags": "",
		"body": "Diary Entry #4706\nToday I met with the new sir Yami\nHe has a cool name from my view\nHe was our gym sir.\nI never saw him do anything other that workout\nEven though he doesn't know what does working out means\nHE got the spirit of working out.\nFor all of us he was like a motivational speaker.\nWhen we used to run for 30 minutes he will be always be there\nwith the best motivation quotes every time.\nHe was fun to be around\nThats all",
		"position": {
			"x": 730,
			"y": 107
		},
		"colorID": 0
	},
	{
		"title": "Note-6",
		"tags": "",
		"body": "Diary Entry #4707\nToday also we got to meet another sir\nThis was the complete opposite of Sir Yami\nhis name is Toqo\nHe was like an introvert I mean you can only talk for a small amount of time\nOther wise it will be like the usual \"bye bye\"\nBut he has a nice talent he made a game,the game was fun as everyone went to play it\nBut that made Toqo soo stressed He made a new rule \nThe rule states that you can only play the game if the previous guy died\nBut that rule is unfair Some guys were cracked at that game\nThey were always playing they never lost They were addicted\nAnyway \nThats all",
		"position": {
			"x": 731,
			"y": 316
		},
		"colorID": 0
	},
	{
		"title": "Note-7",
		"tags": "",
		"body": "Diary Entry #4708\nToday was a fun day\nWhile i was with Lito He told me that he wanted to make a being\nwith 2 different types of cells his idea said that it can make the\nthe person who's cell they took Be free from any diseases\nThats when i got an idea\nI told him about Cayo's grand daughters cancer problem\nHe told me that it will work\nAnd told me to ask him for permission\nI asked him for the permission he told me Yes he was soo happy he ran to Lito's Lab\nSo it was settled\nLito asked me to check whose cell will be the other and told that person must be a smart person whom you never saw sick ever before\nI know the right person for that\nThats all",
		"position": {
			"x": 934,
			"y": 106
		},
		"colorID": 0
	},
	{
		"title": "Note-8",
		"tags": "",
		"body": "Diary Entry #4709\nToday i was fully motivated without the help of yami\nI ran to Sir Mebo,s lab and told him about the experiment\nand how it can save sir cayo's grand daughter\nAnd how we need his help.\nWithout anything when he heard he can help sir cayo he accepted\nWe all came to the Lab.\nLito asked me To call Meha , wuhe and kasi\nKasi was another new sir he was in charge of cooking\nHis class was famously known as \"Kasi's Kitchen\"\nHe was a nice guy he always asked if we need any help every time he sees us worried\nThats all",
		"position": {
			"x": 942,
			"y": 314
		},
		"colorID": 0
	},
	{
		"title": "Note-9",
		"tags": "",
		"body": "Diary Entry #4710\nToday was fun also\nI went to Meha and said to her about this \nshe agreed she was hopping it will be fun to see like reading\nThen wuhe i don't know what they need with wuhe but maybe his collection\nBut anyway when i asked him he was kind of happy to see that someone needs his help\nThen last but not least Kasi i went to him and asked he was quick to accept\nthen we all went to the lab Lito took 2 cells from Laya and Mebo then said to wait a day\nThats all",
		"position": {
			"x": 1143,
			"y": 107
		},
		"colorID": 0
	},
	{
		"title": "Note-10",
		"tags": "",
		"body": "Diary Entry #4711\nToday was the big day\nWhen i woke i ran to the lab everyone was already there we saw nothing there thats When\nLito said that the machine was in another room we followed him to a room which was\nCovered in Yobe I dont even knew you can get that much Yobe\nBut I did't ask\nAnyway we were all standing outside the room as he closed it and looked in through a bullet proof window\nThe cells began Vibrating and vibrating till it Phased to each other then suddenly stopped Like a blast something knocked us back\nThe cells- They- \nThey were Multiplying\nAs it grew and grew it filled the room and was suddenly outside even though there was no holes it can escape from\nWe all ran for our life\nBecause thats all we can do the cells began Rapidly multiply we were all stayed in a room next for some reason it was not coming there\nThats all",
		"position": {
			"x": 1146,
			"y": 314
		},
		"colorID": 0
	},
	{
		"title": "Note-11",
		"tags": "",
		"body": "Diary Entry #4712\nToday when we woke up to silence\nTo a school which was supposed to be the loudest\nWe then tried to peek outside but the windows were covered in something\nWe then saw something coming out of the vents\nIt was a virus cell we opened the door and ran for our life's\nThough there was nowhere to run we were cornered by all sides \nJust as all hope was gone we saw something appear in the sky\nSomething so Dark you cant understand Something so Lonely that you cant fill up anything\nHe was flying above the school with a flick of his hand the virus were trapped in the room where we stayed.\nHe then suddenly disappeared But Meha said he will come again but he wont know us\nThen we were left nowhere to go but we saw something it was that there were still 2 monster left roaming the hallways\nwe all went to our one way blaming each other\nBut what else can we do?\nThats all",
		"position": {
			"x": 1357,
			"y": 103
		},
		"colorID": 0
	},
	{
		"title": "Note-13",
		"tags": "",
		"body": "Laya forgive me your grandpa. I was the reason you died all because i want to see you live longer that i did an experiment which cost me your life all because i did't for see that the experiment may fail but i bet on the slim chance of success \nSince Ghost came I was happy as I met someone Like you Laya appear before me He was like the light in a dark world even though he is the darkest you can see He was like holding the burden of the world on his back yet no one helped him I hope that he Finds peace.\nMebo my friend even though you were young i considered you my friend Once and always You Had a bright future ahead of you but It all got destroyed because of my selfish desire For What had started as a experiment to make my grand daughters cancer go away cost me my grand daughter, My best friend and The world\nEven though ghost will save the world I cant imagine living in a world without Laya and Mebo.",
		"position": {
			"x": 1571,
			"y": 88
		},
		"colorID": 0
	},
	{
		"title": "Note-12",
		"tags": "",
		"body": "Diary Entry #end\n\nI stayed with Cayo\nBut i was sad because- because of me \nCayo's Grand daughter became a virus monster\nand because of me Mebo was addicted to sleeping \nand because of me the entire remaining portion of the world live in this school\nBut as Meha predicted He came back That \"HE\" is Ghost\nhe was taken in by Mebo\nEven Though he came i never visited him i was hiding in the shadows watching him\nas he wandered in the hallways with no fear in him\nThen we all asked him to help us in our selfish desire to save the world we destroyed\nThis will be my last diary Entry\nI Must pay for my mistake\nI hope he forgives Me\nBye",
		"position": {
			"x": 1357,
			"y": 319
		},
		"colorID": 0
	}
]