[
	{
		"title": "Start",
		"tags": "",
		"body": "So where is this blue mossey gu-\nOh! I have been looking for you for... How long was it again?\nNevermind, so, to keep the record straight, I am from another universe who happened to meet someone. \nThey told me that I fell through an opening in a barrier \"he\" created \nAnyways, your answer is probably there I dunno man.\nAnyways, I better get back to my native cosmos before Lavbro breaks into the facility to save me.\nBye!",
		"position": {
			"x": 356,
			"y": 197
		},
		"colorID": 0
	}
]